test_id,build_sha256,browser_os_scale,settings,fixture_url,result,expected,actual,evidence_path,owner,date
AT01,,,,,NOT RUN,,,,,
AT02,,,,,NOT RUN,,,,,
AT03,,,,,NOT RUN,,,,,
AT04,,,,,NOT RUN,,,,,
AT05,,,,,NOT RUN,,,,,
AT06,,,,,NOT RUN,,,,,
AT07,,,,,NOT RUN,,,,,
AT08,,,,,NOT RUN,,,,,
AT09,,,,,NOT RUN,,,,,
AT10,,,,,NOT RUN,,,,,
AT11,,,,,NOT RUN,,,,,
AT12,,,,,NOT RUN,,,,,
AT13,,,,,NOT RUN,,,,,
AT14,,,,,NOT RUN,,,,,
AT15,,,,,NOT RUN,,,,,
AT16,,,,,NOT RUN,,,,,
AT17,,,,,NOT RUN,,,,,
AT18,,,,,NOT RUN,,,,,
AT19,,,,,NOT RUN,,,,,
AT20,,,,,NOT RUN,,,,,
AT21,,,,,NOT RUN,,,,,
AT22,,,,,NOT RUN,,,,,
AT23,,,,,NOT RUN,,,,,
AT24,,,,,NOT RUN,,,,,
AT25,,,,,NOT RUN,,,,,
AT26,,,,,NOT RUN,,,,,
AT27,,,,,NOT RUN,,,,,
AT28,,,,,NOT RUN,,,,,
AT29,,,,,NOT RUN,,,,,
AT30,,,,,NOT RUN,,,,,
AT31,,,,,NOT RUN,,,,,
AT32,,,,,NOT RUN,,,,,
AT33,,,,,NOT RUN,,,,,
AT34,,,,,NOT RUN,,,,,
AT35,,,,,NOT RUN,,,,,
AT36,,,,,NOT RUN,,,,,
AT37,,,,,NOT RUN,,,,,
AT38,,,,,NOT RUN,,,,,
AT39,,,,,NOT RUN,,,,,
AT40,,,,,NOT RUN,,,,,
AT41,,,,,NOT RUN,,,,,
AT42,,,,,NOT RUN,,,,,
AT43,,,,,NOT RUN,,,,,
AT44,,,,,NOT RUN,,,,,
